﻿<?xml version="1.0" encoding="UTF-8"?>
<TestSuite Name="Smart_Dashboard">
  <StartTime>
2021-08-12 17:53:15
</StartTime>
  <TestCase Name="Print_Photos_Prod">
    <StartTime>
2021-08-12 17:53:15
</StartTime>
    <Statement StatementName="Windows.Select Application (HP Smart)">
      <StartTime>
2021-08-12 17:53:15
</StartTime>
      <Result>
Pass
</Result>
      <EndTime>
2021-08-12 17:53:16
</EndTime>
    </Statement>
    <Statement StatementName="Windows.Maximize Window">
      <StartTime>
2021-08-12 17:53:16
</StartTime>
      <Result>
Pass
</Result>
      <EndTime>
2021-08-12 17:53:16
</EndTime>
    </Statement>
    <Statement StatementName="Windows.Wait For ID (ControlsListView,5)">
      <StartTime>
2021-08-12 17:53:16
</StartTime>
      <Result>
Pass
</Result>
      <EndTime>
2021-08-12 17:53:16
</EndTime>
    </Statement>
    <Statement StatementName="Windows.Click ID With Mouse (ControlsListView)">
      <StartTime>
2021-08-12 17:53:16
</StartTime>
      <Result>
Pass
</Result>
      <EndTime>
2021-08-12 17:53:16
</EndTime>
    </Statement>
    <If Condition="Windows.Click Name With Mouse (Print Photos)">
      <StartTime>
2021-08-12 17:53:16
</StartTime>
      <ConditionResult>
PASS
</ConditionResult>
      <StatementBlock Kind="PASS">
        <StartTime>
2021-08-12 17:53:17
</StartTime>
        <Block>
          <StartTime>
2021-08-12 17:53:17
</StartTime>
          <Statement StatementName="Windows.Wait For ID (1148,5)">
            <StartTime>
2021-08-12 17:53:17
</StartTime>
            <Result>
Pass
</Result>
            <EndTime>
2021-08-12 17:53:18
</EndTime>
          </Statement>
          <If Condition="Windows.Click ID With Mouse (1148)">
            <StartTime>
2021-08-12 17:53:18
</StartTime>
            <ConditionResult>
PASS
</ConditionResult>
            <StatementBlock Kind="PASS">
              <StartTime>
2021-08-12 17:53:19
</StartTime>
              <Block>
                <StartTime>
2021-08-12 17:53:19
</StartTime>
                <Statement StatementName="Windows.Send Key (C:\Users\Public\Pictures\DSC_0003.JPG)">
                  <StartTime>
2021-08-12 17:53:19
</StartTime>
                  <Result>
Pass
</Result>
                  <EndTime>
2021-08-12 17:53:21
</EndTime>
                </Statement>
                <Statement StatementName="Sleep (3)">
                  <StartTime>
2021-08-12 17:53:21
</StartTime>
                  <Result>
Pass
</Result>
                  <EndTime>
2021-08-12 17:53:24
</EndTime>
                </Statement>
                <Result>
PASS
</Result>
                <EndTime>
2021-08-12 17:53:24
</EndTime>
              </Block>
              <EndTime>
2021-08-12 17:53:24
</EndTime>
              <Result>
PASS
</Result>
            </StatementBlock>
            <Result>
PASS
</Result>
            <EndTime>
2021-08-12 17:53:24
</EndTime>
          </If>
          <Statement StatementName="Windows.Click Name With Keyboard (Select Photos to Print)">
            <StartTime>
2021-08-12 17:53:24
</StartTime>
            <Result>
Pass
</Result>
            <EndTime>
2021-08-12 17:53:24
</EndTime>
          </Statement>
          <Statement StatementName="Sleep(10)">
            <StartTime>
2021-08-12 17:53:24
</StartTime>
            <Result>
Pass
</Result>
            <EndTime>
2021-08-12 17:53:34
</EndTime>
          </Statement>
          <If Condition="Windows.Wait For ID (PrintButton,10)">
            <StartTime>
2021-08-12 17:53:34
</StartTime>
            <ConditionResult>
PASS
</ConditionResult>
            <StatementBlock Kind="PASS">
              <StartTime>
2021-08-12 17:53:34
</StartTime>
              <Block>
                <StartTime>
2021-08-12 17:53:34
</StartTime>
                <Statement StatementName="Windows.Click ID With Mouse (PrintButton)">
                  <StartTime>
2021-08-12 17:53:34
</StartTime>
                  <Result>
Pass
</Result>
                  <EndTime>
2021-08-12 17:53:35
</EndTime>
                </Statement>
                <Result>
PASS
</Result>
                <EndTime>
2021-08-12 17:53:35
</EndTime>
              </Block>
              <EndTime>
2021-08-12 17:53:35
</EndTime>
              <Result>
PASS
</Result>
            </StatementBlock>
            <Result>
PASS
</Result>
            <EndTime>
2021-08-12 17:53:35
</EndTime>
          </If>
          <Statement StatementName="Pass (Print Photo test-passed)">
            <StartTime>
2021-08-12 17:53:35
</StartTime>
            <Result>
Pass
</Result>
            <Output>
Print Photo test-passed
</Output>
            <EndTime>
2021-08-12 17:53:35
</EndTime>
          </Statement>
          <Statement StatementName="Sleep(10)">
            <StartTime>
2021-08-12 17:53:35
</StartTime>
            <Result>
Pass
</Result>
            <EndTime>
2021-08-12 17:53:45
</EndTime>
          </Statement>
          <Result>
PASS
</Result>
          <EndTime>
2021-08-12 17:53:45
</EndTime>
        </Block>
        <EndTime>
2021-08-12 17:53:45
</EndTime>
        <Result>
PASS
</Result>
      </StatementBlock>
      <Result>
PASS
</Result>
      <EndTime>
2021-08-12 17:53:45
</EndTime>
    </If>
    <Result>
PASS
</Result>
    <EndTime>
2021-08-12 17:53:45
</EndTime>
  </TestCase>
  <EndTime>
2021-08-12 17:53:45
</EndTime>
</TestSuite>